<?xml version="1.0" encoding="UTF-8"?>
<suite name="test">

<parameter name="fn" value="Akash"/>
<parameter name="ln" value="Mehta"/>
<parameter name="email" value="akash@gmail.com"/>
<parameter name="password" value="password"/>
<parameter name="Cpassword" value="password"/>
<parameter name="WrongEmail" value="gfdh"/>
<parameter name="Wpassword" value="yujy"/>
<parameter name="company" value="ABC CORP"/>
<parameter name="City" value="Chennai"/>
<parameter name="Address1" value="PLOT 77 STREET 11"/>
<parameter name="zipcode" value="645759"/>
<parameter name="phone" value="9878977867"/>


  <test name="Test">
    <classes>
    <class name="newUserRegistration.Registration"></class>
    <class name="newUserRegistration.billingaddress"></class>
    </classes>
  </test> <!-- Test -->
</suite> <!-- Suite -->